{
  "images" : [
    {
      "filename": "Icon-20@2x-1.png",
      "idiom": "iphone",
      "scale": "2x",
      "size": "20x20"
    },
    {
      "filename": "Icon-20@3x.png",
      "idiom": "iphone",
      "scale": "3x",
      "size": "20x20"
    },
    {
      "filename": "Icon-30.png",
      "idiom": "iphone",
      "scale": "1x",
      "size": "29x29"
    },
    {
      "filename": "Icon-29@2x-1.png",
      "idiom": "iphone",
      "scale": "2x",
      "size": "29x29"
    },
    {
      "filename": "Icon-29@3x.png",
      "idiom": "iphone",
      "scale": "3x",
      "size": "29x29"
    },
    {
      "filename": "Icon-40@2x-1.png",
      "idiom": "iphone",
      "scale": "2x",
      "size": "40x40"
    },
    {
      "filename": "Icon-60@2x-1.png",
      "idiom": "iphone",
      "scale": "3x",
      "size": "40x40"
    },
    {
      "filename": "Icon-60@2x.png",
      "idiom": "iphone",
      "scale": "2x",
      "size": "60x60"
    },
    {
      "filename": "Icon-60@3x.png",
      "idiom": "iphone",
      "scale": "3x",
      "size": "60x60"
    },
    {
      "filename": "Icon-20.png",
      "idiom": "ipad",
      "scale": "1x",
      "size": "20x20"
    },
    {
      "filename": "Icon-20@2x.png",
      "idiom": "ipad",
      "scale": "2x",
      "size": "20x20"
    },
    {
      "filename": "Icon-29.png",
      "idiom": "ipad",
      "scale": "1x",
      "size": "29x29"
    },
    {
      "filename": "Icon-29@2x.png",
      "idiom": "ipad",
      "scale": "2x",
      "size": "29x29"
    },
    {
      "filename": "Icon-40.png",
      "idiom": "ipad",
      "scale": "1x",
      "size": "40x40"
    },
    {
      "filename": "Icon-40@2x.png",
      "idiom": "ipad",
      "scale": "2x",
      "size": "40x40"
    },
    {
      "filename": "Icon-76.png",
      "idiom": "ipad",
      "scale": "1x",
      "size": "76x76"
    },
    {
      "filename": "Icon-76@2x.png",
      "idiom": "ipad",
      "scale": "2x",
      "size": "76x76"
    },
    {
      "filename": "Icon-83.5@2x.png",
      "idiom": "ipad",
      "scale": "2x",
      "size": "83.5x83.5"
    },
    {
      "filename": "iTunesArtwork-1024.png",
      "idiom": "ios-marketing",
      "scale": "1x",
      "size": "1024x1024"
    }
  ],
  "info" : {
    "author": "xcode",
    "version": 1
  }
}
