{
  "images": [
    {
      "filename": "icon-16x16.png",
      "idiom": "mac",
      "scale": "1x",
      "size": "16x16"
    },
    {
      "filename": "icon-32x32.png",
      "idiom": "mac",
      "scale": "2x",
      "size": "16x16"
    },
    {
      "filename": "icon-32x32-1.png",
      "idiom": "mac",
      "scale": "1x",
      "size": "32x32"
    },
    {
      "filename": "icon-64x64.png",
      "idiom": "mac",
      "scale": "2x",
      "size": "32x32"
    },
    {
      "filename": "icon-128x128.png",
      "idiom": "mac",
      "scale": "1x",
      "size": "128x128"
    },
    {
      "filename": "icon-256x256.png",
      "idiom": "mac",
      "scale": "2x",
      "size": "128x128"
    },
    {
      "filename": "icon-256x256-1.png",
      "idiom": "mac",
      "scale": "1x",
      "size": "256x256"
    },
    {
      "filename": "icon-512x512.png",
      "idiom": "mac",
      "scale": "2x",
      "size": "256x256"
    },
    {
      "filename": "icon-512x512-1.png",
      "idiom": "mac",
      "scale": "1x",
      "size": "512x512"
    },
    {
      "filename": "appstore.png",
      "idiom": "mac",
      "scale": "2x",
      "size": "512x512"
    }
  ],
  "info": {
    "author": "xcode",
    "version": 1
  }
}
